id,user_input,retrieved_contexts,response,reference,faithfulness,answer_relevancy,context_precision,context_recall
1,"Me sale Permission denied (publickey) cuando hago git push, ¿qué debo revisar?","[""# Error: Permission denied (publickey)\n\n> [!NOTE] \n\n## Should the `sudo` command or elevated privileges be used with Git?\n\nYou should not be using the `sudo` command or elevated privileges, such as administrator permissions, with Git.\n\nIf you have a _very good reason_ you must use `sudo`, then ensure you are using it with every command. If you generate SSH keys without `sudo` and then try to use a command like `sudo git push`, you won't be using the same keys that you generated.\n\n## Check that you are connecting to the correct server\n\nTo make sure you are connecting to the right domain, you can enter the following command:\n\n```shell copy\nssh -vT git@\n```\n\nYou should see this output:"", '# Error: Permission to user/repo denied to user/other-repo\n\nTo fix this, remove the deploy key from the repository, and add the key to your personal account instead.\n\nIf the key you are using is intended to be a deploy key, check out our guide on deploy keys for more details.', '# Requesting a pull request review\n\nTo request a review, you need write access to the repository. You can request a review from a person or team with read access to the repository, and they  receive a notification. For complete details on permissions for requesting reviews, see .\n\n## Requesting reviews from collaborators and organization members\n\nSuggested reviewers are based on git blame data. After someone reviews your pull request and you make changes, you can request another review from the same reviewer.\n\n> [!WARNING]\n> \n\n1. In the list of pull requests, click the pull request that you want a specific person or team to review.\n1. To request a review from a suggested person under **Reviewers**, next to their username, click **Request**.']","El servidor rechaza la clave SSH; puede deberse a uso de sudo o a conexión al servidor incorrecto

1. No uses el comando sudo ni permisos elevados con Git; ejecuta los comandos como tu usuario normal
2. Si generaste la clave SSH sin sudo, asegúrate de usarla en todos los comandos (no mezcles sudo y git)
3. Verifica que te estás conectando al dominio correcto ejecutando `ssh -vT git@` y revisa la salida para confirmar la autenticación","No uses sudo ni privilegios elevados con Git, conéctate como el usuario git, verifica que tu clave SSH esté cargada con `ssh-add -l`, confirma la conexión con `ssh -vT git@github.com` y asegúrate de que la clave pública esté agregada a tu cuenta de GitHub.",1.0,0.3574247438295755,0.99999999995,1.0
2,¿Por qué GitHub eliminó mi clave SSH?,"[""# Deleted or missing SSH keys\n\nGitHub automatically deletes inactive SSH keys to help keep accounts safe, such as after someone leaves a job or loses a computer.\n\nYou can check if you haven't used an SSH key in a year by reviewing your account's security log. For more information, see .\n\nAfter your inactive SSH key is deleted, you must generate a new SSH key and associate it with your account. For more information, see  and ."", ""# Error: We''re doing an SSH key audit\n\nWhen using an unverified key to perform Git operations, you will be prompted to perform an audit of your SSH keys.\n\n```shell\nERROR: We're doing an SSH key audit.\nReason: unverified due to lack of use\nPlease visit https://github.com/settings/ssh\nto approve this key so we know it's safe.\nFingerprint: ab:08:46:83:ff:f6:c4:f8:a9:4e:68:6b:94:17:f2:46\nfatal: could not read from remote repository\n```\n\n## Solving the issue\n\nTo fix this, you need to review your SSH keys and either reject or approve the unverified key. Clicking the URL link in the error message brings you to the SSH Settings page, where the unverified SSH key is highlighted in the SSH key list."", ""# Error: Host key verification failed\n\nThis error means that the server to which you're connecting presented a key that doesn't match the keys seen for this server in the past.\n\nYou may see this error if the server has changed its keys unexpectedly, in which case you should be able to find an official report from a trustworthy source announcing the change. If  changes its SSH host key, this will be announced on  at github.blog.\n\nYou can find an up-to-date list of 's public SSH keys on . You may need to add these keys to your `known_hosts` file. For more information, see .""]","GitHub elimina automáticamente claves SSH inactivas para mantener la cuenta segura

1. Revisa el registro de seguridad de tu cuenta para confirmar que la clave no se usó en más de un año
2. Genera una nueva clave SSH
3. Asocia la nueva clave pública a tu cuenta de GitHub","GitHub elimina automáticamente las claves SSH inactivas, es decir, las que no se han usado en un año, como medida de seguridad. Puedes comprobarlo revisando el registro de seguridad de tu cuenta.",1.0,0.8245585716267527,0.9999999999,1.0
3,"El puerto 22 está bloqueado en mi red, ¿cómo me conecto a GitHub por SSH?","[""# Error: Bad file number\n\nWhen running remote Git commands or SSH, your connection might time out:\n\n```shell\n$ ssh -vT git@\n> OpenSSH_8.1p1, LibreSSL 2.7.3\n> debug1: Connecting to  [207.97.227.239] port 22.\n> debug1: connect to address 207.97.227.239 port 22: Connection timed out\n> ssh: connect to host  port 22: Connection timed out\n> ssh: connect to host  port 22: Bad file number\n```\n\n## Solving the issue\n\n### Use HTTPS\n\nOften, the simplest solution is to simply avoid SSH entirely. Most firewalls and proxies allow HTTPS traffic without issue. To take advantage of this, change the remote URL you're using:"", '## Updating known hosts\n\nThe first time you interact with GitHub after switching to port 443, you may get a warning message\nthat the host wasn\'t found in `known_hosts`, or that it was found by another name.\n\n```bash\n# The authenticity of host \'[ssh.github.com]:443 ([140.82.112.36]:443)\' can\'t be established.\n# ED25519 key fingerprint is SHA256:+DiY3wvvV6TuJJhbpZisF/zLDA0zPMSvHdkr4UvCOqU.\n# This host key is known by the following other names/addresses:\n#     ~/.ssh/known_hosts:32: github.com\n# Are you sure you want to continue connecting (yes/no/[fingerprint])?\n```\n\nIt is safe to answer ""yes"" to this question, assuming that the SSH fingerprint matches\none of GitHub\'s published fingerprints. For the list of fingerprints, see .', ""```shell\ngit clone ssh://git@ssh.:443/YOUR-USERNAME/YOUR-REPOSITORY.git\n```\n\n## Enabling SSH connections over HTTPS\n\nIf you are able to SSH into `git@ssh.` over port 443, you can override your SSH settings to force any connection to  to run through that server and port.\n\nTo set this in your SSH configuration file, edit the file at `~/.ssh/config`, and add this section:\n\n```text\nHost \n    Hostname ssh.\n    Port 443\n    User git\n```\n\nYou can test that this works by connecting once more to :\n\n```bash\n$ ssh -T git@\n# Hi USERNAME! You've successfully authenticated, but GitHub does not\n# provide shell access.\n```\n\n## Updating known hosts""]","El puerto 22 está bloqueado, por lo que la conexión SSH directa falla; se puede usar SSH sobre el puerto 443 o cambiar a HTTPS.

1. Edita tu archivo de configuración SSH (~/.ssh/config) y agrega:
```text
Host ssh.github.com
    Hostname ssh.github.com
    Port 443
    User git
```
2. Clona o cambia la URL remota usando el puerto 443, por ejemplo:
```shell
git clone ssh://git@ssh.github.com:443/TU-USUARIO/TU-REPOSITORIO.git
```
3. Verifica la conexión con:
```bash
ssh -T git@ssh.github.com
# Hi USERNAME! You've successfully authenticated, but GitHub does not provide shell access.
```
4. Si prefieres evitar SSH, cambia a HTTPS (más permitido por firewalls):
```shell
git remote set-url origin https://github.com/TU-USUARIO/TU-REPOSITORIO.git
```","Puedes probar SSH sobre el puerto HTTPS con `ssh -T -p 443 git@ssh.github.com`. Si funciona, clona el repositorio con `git clone ssh://git@ssh.github.com:443/TU-USUARIO/TU-REPOSITORIO.git`. El nombre de host para el puerto 443 es ssh.github.com, no github.com, y los servidores proxy pueden interferir.",0.6923076923076923,0.9171436240232147,0.9999999999666667,1.0
4,"Me dice que la clave ya está en uso al agregar mi clave SSH, ¿qué significa?","[""# Error: Host key verification failed\n\nThis error means that the server to which you're connecting presented a key that doesn't match the keys seen for this server in the past.\n\nYou may see this error if the server has changed its keys unexpectedly, in which case you should be able to find an official report from a trustworthy source announcing the change. If  changes its SSH host key, this will be announced on  at github.blog.\n\nYou can find an up-to-date list of 's public SSH keys on . You may need to add these keys to your `known_hosts` file. For more information, see ."", ""If you don't see your public key in , you'll need to add your SSH key to  to associate it with your computer.\n\n> [!WARNING]\n> If you see an SSH key you're not familiar with on , delete it immediately and contact  for further help. An unidentified public key may indicate a possible security concern. For more information, see ."", '```shell\nssh -v -o ""IdentitiesOnly=yes"" -i ~/.ssh/id_rsa git@\n```\n\n## Fixing the issue\n\nTo resolve the issue, first remove the key from the other account or repository and then add it to your account.\n\nIf you don\'t have permissions to transfer the key, and can\'t contact a user who does, remove the keypair and generate a brand new one.\n\n## Deploy keys\n\nOnce a key has been attached to one repository as a deploy key, it cannot be used on another repository. If you\'re running into this error while setting up deploy keys, see .']","El mensaje indica que la clave SSH ya está asociada a otra cuenta o repositorio y no puede reutilizarse

1. Identifica en qué cuenta o repositorio está registrada la clave (por ejemplo, en otro perfil o como deploy key)
2. Elimina la clave de esa cuenta o repositorio usando la configuración de SSH keys en GitHub
3. Vuelve a agregar la clave a la cuenta o repositorio deseado
4. Si no puedes eliminarla o no tienes permisos, genera un nuevo par de claves SSH y añádelo a tu cuenta","Significa que esa clave ya fue agregada a otra cuenta o repositorio. Para saber dónde se usa, ejecuta `ssh -T -ai ~/.ssh/id_rsa git@github.com`: el nombre de usuario de la respuesta es la cuenta a la que está asociada la clave, y si aparece algo como usuario/repo, está adjunta a un repositorio como deploy key. Para resolverlo, elimina la clave de la otra cuenta o repositorio y luego agrégala a tu cuenta.",0.8,0.8917505775118676,0.3333333333,0.6666666666666666
5,"Me aparece el error Permission to user/repo denied to user/other-repo, ¿cómo lo soluciono?","['# Error: Permission to user/repo denied to other-user\n\nTo fix this, the owner of the repository (`user`) needs to add your account (`other-user`) as a collaborator on the repository or to a team that has write access to the repository.', '# Error: Permission to user/repo denied to user/other-repo\n\nTo fix this, remove the deploy key from the repository, and add the key to your personal account instead.\n\nIf the key you are using is intended to be a deploy key, check out our guide on deploy keys for more details.', '```shell\nssh -v -o ""IdentitiesOnly=yes"" -i ~/.ssh/id_rsa git@\n```\n\n## Fixing the issue\n\nTo resolve the issue, first remove the key from the other account or repository and then add it to your account.\n\nIf you don\'t have permissions to transfer the key, and can\'t contact a user who does, remove the keypair and generate a brand new one.\n\n## Deploy keys\n\nOnce a key has been attached to one repository as a deploy key, it cannot be used on another repository. If you\'re running into this error while setting up deploy keys, see .']","El error indica que la clave SSH está asociada como deploy key al repositorio y no a tu cuenta personal

1. Elimina la deploy key del repositorio
2. Agrega esa misma clave SSH a tu cuenta personal de GitHub
3. Si la clave debía ser una deploy key, revisa la guía de deploy keys para usar una clave distinta","Ocurre cuando se usa una deploy key que está asociada a otro repositorio. Para solucionarlo, elimina la deploy key del repositorio y agrega la clave a tu cuenta personal.",0.75,0.42029619286945064,0.5833333333041666,1.0
6,¿Qué hago si me sale Host key verification failed?,"[""# Error: Host key verification failed\n\nThis error means that the server to which you're connecting presented a key that doesn't match the keys seen for this server in the past.\n\nYou may see this error if the server has changed its keys unexpectedly, in which case you should be able to find an official report from a trustworthy source announcing the change. If  changes its SSH host key, this will be announced on  at github.blog.\n\nYou can find an up-to-date list of 's public SSH keys on . You may need to add these keys to your `known_hosts` file. For more information, see ."", ""If you are encountering the error but can't find an official source for the server's keys, it is safest not to connect, because you may be connecting to a server other than your intended server. You may want to contact your IT department or the server's support team for help. If the server is being impersonated, the owner of the server will appreciate you informing them."", '```shell\nssh -v -o ""IdentitiesOnly=yes"" -i ~/.ssh/id_rsa git@\n```\n\n## Fixing the issue\n\nTo resolve the issue, first remove the key from the other account or repository and then add it to your account.\n\nIf you don\'t have permissions to transfer the key, and can\'t contact a user who does, remove the keypair and generate a brand new one.\n\n## Deploy keys\n\nOnce a key has been attached to one repository as a deploy key, it cannot be used on another repository. If you\'re running into this error while setting up deploy keys, see .']","El servidor presentó una clave SSH que no coincide con la registrada en known_hosts

1. Busca un anuncio oficial del cambio de clave del servidor (por ejemplo en github.blog) y obtén la nueva clave pública
2. Actualiza tu archivo `known_hosts` añadiendo la nueva clave (puedes usar `ssh-keyscan -t rsa <host> >> ~/.ssh/known_hosts` o editar manualmente)
3. Si no puedes confirmar la nueva clave, no te conectes y contacta al equipo de IT o al soporte del servidor","El error significa que el servidor al que te conectas presentó una clave que no coincide con las que SSH había visto antes para ese servidor. Puede pasar si el servidor cambió sus claves, y en ese caso debe existir un anuncio oficial (GitHub los publica en su blog). Puede que debas agregar las claves públicas SSH actuales de GitHub a tu archivo known_hosts. Si no encuentras una fuente oficial, lo más seguro es no conectarte y contactar a tu departamento de TI o al soporte del servidor.",0.75,0.657727932221119,0.9999999999666667,1.0
7,¿Cómo resuelvo un conflicto de merge desde la página del pull request en GitHub?,"['!Screenshot of a warning that a pull request has a merge conflict. The ""Resolve merge conflicts"" button is outlined in dark orange.\n\n   > [!NOTE]\n   > If **Resolve conflicts** is deactivated, resolve the conflict using another Git client or the command line. See .\n\n1. If your file has more than one merge conflict, scroll down to the next set of conflict markers and repeat steps four and five to resolve the conflict.\n1. After you\'ve resolved all the conflicts in the file, click **Mark as resolved**.\n\n   !Screenshot of the editor to resolve a merge conflict in a pull request. The ""Mark as resolved"" button is outlined in dark orange.', '1. Click **Create Pull Request**.  opens your default browser and takes you to GitHub.\n\n1. After you commit changes to your local copy of the repository, click the **Create Pull Request** icon.\n!Screenshot of the top of the ""Source Control"" side bar. The pull request icon is highlighted with a dark orange outline.\n1. Check that the local branch and repository you\'re merging from, and the remote branch and repository you\'re merging into, are correct. Then, give the pull request a title and a description.\n!Screenshot of the ""GitHub Pull Request"" side bar with a form for creating a pull request, including ""Title"" and ""Description"" fields.\n1. Click **Create**.\n\nFor more information on creating pull requests in , see .\n\n## Making changes to files in your pull request', '# Resolving a merge conflict on GitHub\n\nYou can resolve simple competing line change conflicts on . For other conflicts, use the command line. See .\n\nIf  is enabled for the repository, you can click **Fix with ** in the merge box to have  resolve conflicts automatically. See .\n\nIf a site administrator disables the merge conflict editor for pull requests between repositories, resolve merge conflicts on the command line.\n\n> [!WARNING]\n> Resolving conflicts on  merges the entire base branch into the head branch. If the head branch is the default or protected branch, you may be prompted to create a new head branch. See .\n\n1. In the ""Pull Requests"" list, click the pull request with a merge conflict that you want to resolve.\n1. Near the bottom of your pull request, click **Resolve conflicts**.']","El pull request tiene conflictos de merge que deben resolverse usando el editor web de GitHub

1. En la lista de Pull Requests, abre el pull request que muestra el conflicto
2. En la parte inferior del pull request, haz clic en **Resolve conflicts**
3. En el editor que aparece, revisa cada bloque de conflicto, elimina los marcadores <<<<<<<, =======, >>>>>>> y conserva el código deseado; si hay varios bloques, repite el proceso
4. Una vez resueltos todos los conflictos, haz clic en **Mark as resolved**
5. Finalmente, completa el merge haciendo clic en **Merge pull request** o **Commit merge**","Haz clic en el botón Resolve conflicts, localiza en el editor los marcadores de conflicto (<<<<<<<, ======= y >>>>>>>), edita el archivo para decidir qué cambios conservar y elimina los marcadores. Luego haz clic en Mark as resolved, repite el proceso con cada archivo en conflicto y finaliza con Commit merge.",0.6,0.8924189644529915,0.8333333332916666,1.0
8,¿Cómo resuelvo desde la línea de comandos un conflicto de merge causado por cambios en las mismas líneas?,"['# Resolving a merge conflict using the command line\n\nMerge conflicts happen when competing changes are made to the same line of a file, or when one person edits a file and another person deletes the same file. See .\n\n> [!TIP]\n> You can use the conflict editor on  to resolve competing line change merge conflicts between branches that are part of a pull request. See .\n\n## Competing line change merge conflicts\n\nWhen competing changes affect the same lines, choose which changes to keep, then commit the resolution.\n\n1. Open your terminal or Git Bash.\n1. Navigate into the local Git repository that has the merge conflict.\n\n   ```shell\n   cd REPOSITORY-NAME\n   ```\n\n1. List the files affected by the merge conflict. In this example, the file _styleguide.md_ has a merge conflict.', '1. If more than one file has a conflict, select the next file you want to edit on the left side of the page under ""conflicting files"" and repeat steps four through seven until you\'ve resolved all merge conflicts in your pull request.\n1. After you\'ve resolved all your merge conflicts, click **Commit merge**. This merges the entire base branch into your head branch.\n\n   !Screenshot of the editor to resolve a merge conflict in a pull request. The ""Commit merge"" button is outlined in dark orange.\n\n1. If prompted, review the branch that you are committing to. You can update the head branch or, if available, create a new branch for the pull request. If the head branch is protected, you must create a new branch.', '# Resolving a merge conflict on GitHub\n\nYou can resolve simple competing line change conflicts on . For other conflicts, use the command line. See .\n\nIf  is enabled for the repository, you can click **Fix with ** in the merge box to have  resolve conflicts automatically. See .\n\nIf a site administrator disables the merge conflict editor for pull requests between repositories, resolve merge conflicts on the command line.\n\n> [!WARNING]\n> Resolving conflicts on  merges the entire base branch into the head branch. If the head branch is the default or protected branch, you may be prompted to create a new head branch. See .\n\n1. In the ""Pull Requests"" list, click the pull request with a merge conflict that you want to resolve.\n1. Near the bottom of your pull request, click **Resolve conflicts**.']","Conflicto de merge por cambios en las mismas líneas que debe resolverse en la línea de comandos

1. Abre tu terminal o Git Bash
2. Navega al repositorio con `cd REPOSITORY-NAME`
3. Lista los archivos con conflicto usando `git status`
4. Edita cada archivo conflictivo y elige los cambios que deseas conservar, eliminando los marcadores <<<<<<<, ======= y >>>>>>>
5. Marca los archivos como resueltos con `git add <archivo>`
6. Realiza el commit de la resolución con `git commit -m ""Resolve merge conflict""`","Abre la terminal o Git Bash y entra al repositorio local. Usa `git status` para ver los archivos con conflicto, ábrelos en un editor y busca el marcador `<<<<<<<`. Decide qué cambios conservar y elimina los marcadores. Después ejecuta `git add .` y confirma con `git commit -m` y un mensaje.",0.375,0.5759780056833406,0.9999999999,0.25
9,"Una rama borró un archivo que otra rama editó, ¿cómo resuelvo ese conflicto?","['1. List the files affected by the merge conflict. In this example, the file `README.md` has a merge conflict.\n\n   ```shell\n   $ git status\n   > # On branch main\n   > # Your branch and \'origin/main\' have diverged,\n   > # and have 1 and 2 different commits each, respectively.\n   > #  (use ""git pull"" to merge the remote branch into yours)\n   > # You have unmerged paths.\n   > #  (fix conflicts and run ""git commit"")\n   > #\n   > # Unmerged paths:\n   > #  (use ""git add/rm <file>..."" as appropriate to mark resolution)\n   > #\n   > #\tdeleted by us:   README.md\n   > #\n   > # no changes added to commit (use ""git add"" and/or ""git commit -a"")\n   ```', '# Resolving a merge conflict using the command line\n\nMerge conflicts happen when competing changes are made to the same line of a file, or when one person edits a file and another person deletes the same file. See .\n\n> [!TIP]\n> You can use the conflict editor on  to resolve competing line change merge conflicts between branches that are part of a pull request. See .\n\n## Competing line change merge conflicts\n\nWhen competing changes affect the same lines, choose which changes to keep, then commit the resolution.\n\n1. Open your terminal or Git Bash.\n1. Navigate into the local Git repository that has the merge conflict.\n\n   ```shell\n   cd REPOSITORY-NAME\n   ```\n\n1. List the files affected by the merge conflict. In this example, the file _styleguide.md_ has a merge conflict.', '## Resolving merge conflicts\n\nResolving a merge conflict means choosing the final content that should appear after the branches are merged. The right tool depends on the type of conflict.\n\n* Simple line conflicts can often be resolved on . See .\n* More complex conflicts must be resolved in a local clone and pushed back to the pull request branch. See .\n* If you have access to  and it is enabled for the repository,  can help resolve conflicts from the merge box. See .\n\nOn the command line, Git tells you when a merge cannot finish automatically. You cannot push the merged result until you resolve the conflict and commit the resolution.']","Una rama eliminó el archivo y la otra lo modificó, generando un conflicto de borrado vs edición

1. Abre la terminal y navega al repositorio con `cd REPOSITORY-NAME` (fragmento 2).
2. Ejecuta `git status` para ver los archivos en conflicto; verás algo como `deleted by us:   <archivo>` (fragmento 1).
3. Decide si conservar la edición o la eliminación del archivo:
4. • Para conservar la edición, restaura el archivo (por ejemplo `git checkout --theirs <archivo>` o edítalo manualmente) y luego marca la resolución con `git add <archivo>`.
5. • Para conservar la eliminación, elimina el archivo del índice con `git rm <archivo>` (fragmento 1).
6. Una vez marcado el archivo, finaliza el merge con `git commit` (fragmento 1).",Decide si conservar o eliminar el archivo. Para conservarlo ejecuta `git add README.md` (con el nombre del archivo); para eliminarlo ejecuta `git rm README.md`. Después confirma el cambio con `git commit` y un mensaje.,,0.4070350079977114,0.99999999995,1.0
10,¿Cómo creo un pull request?,"['For more information on creating pull requests in , see .\n\n## Making changes to files in your pull request\n\nAfter you open your pull request, you can continue changing files by adding new commits to your head branch.\n\nYou can also make changes to files on the  website.\n\n1. On , navigate to a pull request in a repository.', 'Pull requests use the `--no-ff` option, except squashed or rebased pull requests, which use fast-forward merging.\n\nIf you don\'t want to merge the changes, you can close the pull request.\n\n## Merging a pull request\n\n1. In the ""Pull Requests"" list, click the pull request you want to merge.\n1. Scroll down to the bottom of the pull request. Depending on the merge options enabled for your repository, choose a merge method:\n\n    * Merge all commits into the base branch by clicking **Merge pull request**. If the option is not shown, click the merge dropdown menu and select **Create a merge commit**.\n\n      !Screenshot of the merge options for a pull request. The arrow to expand the dropdown is outlined in dark orange.', '# Creating a pull request\n\nIf you want to create a new branch for your pull request but don\'t have write permissions to the repository, you can fork the repository first. See  and .\n\nWhen you create your pull request, you can specify which branch you want to merge your changes into. Pull requests can only be opened between two different branches.\n\n## Creating the pull request\n\n1. In the ""Branch"" menu, choose the branch that contains your commits.\n\n   !Screenshot of the branch dropdown menu on the main page of a repository.\n\n1. Use the _base_ branch dropdown menu to select the branch where you want to merge your changes. Then, use the _compare_ branch dropdown menu to choose the topic branch where you made your changes.']","El usuario desea crear un pull request

1. Navega a la pestaña ""Pull Requests"" del repositorio
2. Haz clic en ""New Pull Request""
3. En el menú ""Branch"", elige la rama que contiene tus commits
4. Usa el menú desplegable ""base"" para seleccionar la rama donde quieres mezclar los cambios y el menú ""compare"" para elegir tu rama de cambios
5. Haz clic en ""Create Pull Request""","Sube tus cambios a una rama del repositorio, elige la rama base y la rama con tus cambios, escribe un título y una descripción y haz clic en Create Pull Request.",0.3333333333333333,0.8792890360950661,0.8333333332916666,1.0
11,¿Qué permiso necesito para pedir una revisión de un pull request?,"['# Requesting a pull request review\n\nTo request a review, you need write access to the repository. You can request a review from a person or team with read access to the repository, and they  receive a notification. For complete details on permissions for requesting reviews, see .\n\n## Requesting reviews from collaborators and organization members\n\nSuggested reviewers are based on git blame data. After someone reviews your pull request and you make changes, you can request another review from the same reviewer.\n\n> [!WARNING]\n> \n\n1. In the list of pull requests, click the pull request that you want a specific person or team to review.\n1. To request a review from a suggested person under **Reviewers**, next to their username, click **Request**.', 'No one can merge the pull request until you mark the pull request as ready for review again. People who are already subscribed to notifications for the pull request will not be unsubscribed when you convert the pull request to a draft.\n\n1. In the ""Pull requests"" list, click the pull request you want to convert to a draft.\n1. In the right sidebar, under ""Reviewers,"" click **Convert to draft**.\n\n   !Screenshot of the ""Reviewers"" section in the right sidebar of a pull request. The ""Convert to draft"" link is outlined in dark orange.\n\n1. Click **Convert to draft**.\n\n## Further reading\n\n*', 'People with write permissions to a repository and pull request authors can disable auto-merge for a pull request.\n\n1. In the ""Pull Requests"" list, click the pull request for which you want to disable auto-merge.\n1. In the merge box, click **Disable auto-merge**.']","Para solicitar una revisión de un pull request se requiere permiso de escritura en el repositorio

1. Verifica que tu cuenta tiene acceso de **write** al repositorio
2. Si no lo tienes, solicita al administrador del repositorio que te otorgue permiso de escritura",Necesitas acceso de escritura (write) al repositorio. Puedes solicitar la revisión a una persona o a un equipo.,0.6666666666666666,0.8362279347270263,0.9999999999,1.0
12,¿Qué pasa si cambio la rama base de mi pull request?,"['For more information on creating pull requests in , see .\n\n## Making changes to files in your pull request\n\nAfter you open your pull request, you can continue changing files by adding new commits to your head branch.\n\nYou can also make changes to files on the  website.\n\n1. On , navigate to a pull request in a repository.', '# Changing the base branch of a pull request\n\n> [!WARNING]\n> When you change the base branch of your pull request, some commits may be removed from the timeline. Review comments may also become outdated because the line of code that the comment referenced may no longer be part of the changes in the pull request.\n\n1. In the ""Pull Requests"" list, click the pull request you want to modify.\n1. Next to the pull request title, click **Edit title** .\n\n1. In the base branch drop-down menu, select the base branch you\'d like to compare changes against.\n\n   !Screenshot of a pull request title. The dropdown to change the base branch is outlined in dark orange.\n\n1. Read the information about changing the base branch and click **Change base**.', 'Pull requests use the `--no-ff` option, except squashed or rebased pull requests, which use fast-forward merging.\n\nIf you don\'t want to merge the changes, you can close the pull request.\n\n## Merging a pull request\n\n1. In the ""Pull Requests"" list, click the pull request you want to merge.\n1. Scroll down to the bottom of the pull request. Depending on the merge options enabled for your repository, choose a merge method:\n\n    * Merge all commits into the base branch by clicking **Merge pull request**. If the option is not shown, click the merge dropdown menu and select **Create a merge commit**.\n\n      !Screenshot of the merge options for a pull request. The arrow to expand the dropdown is outlined in dark orange.']","Al cambiar la rama base de un pull request pueden alterarse el historial y los comentarios de revisión

1. Revisa el timeline del pull request; algunos commits pueden haber sido eliminados del historial
2. Verifica los comentarios de revisión, ya que pueden quedar desactualizados si la línea comentada ya no está en los cambios","Algunos commits pueden desaparecer de la línea de tiempo del pull request y los comentarios de revisión pueden quedar desactualizados, porque la línea de código que comentaban puede dejar de formar parte de los cambios.",0.75,0.8817173453989099,0.49999999995,1.0
13,¿Cómo paso un pull request de borrador a listo para revisión?,"['No one can merge the pull request until you mark the pull request as ready for review again. People who are already subscribed to notifications for the pull request will not be unsubscribed when you convert the pull request to a draft.\n\n1. In the ""Pull requests"" list, click the pull request you want to convert to a draft.\n1. In the right sidebar, under ""Reviewers,"" click **Convert to draft**.\n\n   !Screenshot of the ""Reviewers"" section in the right sidebar of a pull request. The ""Convert to draft"" link is outlined in dark orange.\n\n1. Click **Convert to draft**.\n\n## Further reading\n\n*', '# Changing the stage of a pull request\n\n## Marking a pull request as ready for review\n\n> [!TIP]\n> You can also mark a pull request as ready for review using the . See `gh pr ready` in the  documentation.\n\n1. In the ""Pull requests"" list, click the pull request you want to mark as ready for review.\n1. In the merge box, click **Ready for review**.\n\n   !Screenshot of the merge box in a pull request. The ""Ready for review"" button is outlined in dark orange.\n\n## Converting a pull request to a draft\n\nYou can convert a pull request to a draft at any time. For example, if you accidentally opened a pull request instead of a draft, or if you\'ve received feedback on your pull request that you need to address, you can convert the pull request to a draft to indicate further changes are needed.', '# Requesting a pull request review\n\nTo request a review, you need write access to the repository. You can request a review from a person or team with read access to the repository, and they  receive a notification. For complete details on permissions for requesting reviews, see .\n\n## Requesting reviews from collaborators and organization members\n\nSuggested reviewers are based on git blame data. After someone reviews your pull request and you make changes, you can request another review from the same reviewer.\n\n> [!WARNING]\n> \n\n1. In the list of pull requests, click the pull request that you want a specific person or team to review.\n1. To request a review from a suggested person under **Reviewers**, next to their username, click **Request**.']","Necesitas marcar el pull request que está en estado borrador como listo para revisión

1. En la lista de ""Pull requests"", haz clic en el pull request que está en borrador
2. En la caja de merge, haz clic en **Ready for review**
3. Opcionalmente, puedes usar la CLI de GitHub: `gh pr ready <numero>`",Abre el pull request y haz clic en el botón Ready for review para cambiar su estado de borrador a listo para revisión.,0.75,0.8104048966196474,0.49999999995,1.0
14,¿Cómo revierto un pull request que ya fue fusionado?,"['Pull requests use the `--no-ff` option, except squashed or rebased pull requests, which use fast-forward merging.\n\nIf you don\'t want to merge the changes, you can close the pull request.\n\n## Merging a pull request\n\n1. In the ""Pull Requests"" list, click the pull request you want to merge.\n1. Scroll down to the bottom of the pull request. Depending on the merge options enabled for your repository, choose a merge method:\n\n    * Merge all commits into the base branch by clicking **Merge pull request**. If the option is not shown, click the merge dropdown menu and select **Create a merge commit**.\n\n      !Screenshot of the merge options for a pull request. The arrow to expand the dropdown is outlined in dark orange.', '# Pull request merges\n\nPull requests can be merged in different ways. The best strategy depends on how your team wants the repository history to look and how much detail you want to preserve from the pull request branch.', 'Choose this strategy when your team wants a linear history and the pull request commits are already organized clearly. If  cannot safely rebase the pull request automatically, you can rebase locally, resolve conflicts, and push the updated branch. See  and .\n\n## Indirect merges\n\nA pull request can be marked as merged if its head branch commits become reachable from the base branch outside that pull request. This can happen when the same commits are merged through another pull request or pushed directly to the default branch.\n\nIndirect merges are uncommon, but they can affect automation and branch protection expectations. Pull requests merged indirectly are marked as `merged` even if branch protection rules on that pull request were not satisfied.\n\n## Further reading\n\n* \n*']","No encontré esa información en mi base de conocimientos. Solo puedo ayudarte con soporte técnico de Git y GitHub (autenticación SSH, conflictos de merge y pull requests).","En el pull request fusionado haz clic en el botón Revert. GitHub crea un nuevo pull request que deshace los cambios del original, y lo fusionas como cualquier otro.",0.0,0.0,0.0,0.0
